Gene Name	Gene Probability	Locus Location
DNMT3A	0.918475032	2 : 25283568 - 25783569
JAZF1	0.897078693	7 : 27946413 - 28446414
JADE2	0.894567847	5 : 133615452 - 134115453
HMGA1	0.892763376	6 : 33997047 - 34497048
FBRSL1	0.890214682	12 : 132816392 - 133316393
BCL2	0.88624531	18 : 60595884 - 61095885
ATXN7	0.884170294	3 : 63732670 - 64232671
SLC12A8	0.883934021	3 : 124669777 - 125169778
ST6GAL1	0.882712662	3 : 186415645 - 186915646
SCD5	0.880594015	4 : 83337562 - 83837563
TSPAN8	0.876659989	12 : 71272953 - 71772954
FAM13A	0.875909686	4 : 89501858 - 90001859
PNPLA3	0.875879228	22 : 44074730 - 44574731
SSR1	0.867838204	6 : 6824687 - 7481844
KCNQ1	0.865873158	11 : 1823182 - 3107195
SLC30A8	0.865120649	8 : 117934783 - 118434784
PABPC4	0.864929676	1 : 39529802 - 40285929
GIPR	0.864522576	19 : 45928661 - 46428662
RREB1	0.863790512	6 : 6824687 - 7481844
TCF4	0.862573981	18 : 52837984 - 53337985
CMIP	0.862145782	16 : 81284790 - 81784791
EYA2	0.861776114	20 : 45348564 - 45848565
TP53INP1	0.860884726	8 : 95435147 - 96210768
COBLL1	0.860340297	2 : 165258389 - 166012010
IGF2BP3	0.858073771	7 : 23262896 - 23762897
TLE1	0.858038843	9 : 84058948 - 84558949
RASGRP1	0.855675757	15 : 38602386 - 39102387
HMGA2	0.855663478	12 : 65971060 - 66596625
PEPD	0.854861736	19 : 33676402 - 34176403
BMF	0.853806436	15 : 40148754 - 40648755
HNF1A	0.852745652	12 : 121166864 - 121679195
ARAP1	0.852657974	11 : 72210398 - 72971272
ZMIZ1	0.852519631	10 : 80703451 - 81203452
HAUS6	0.851529837	9 : 18815825 - 19315826
CDKAL1	0.845312238	6 : 20423880 - 21280756
SPRED2	0.845088363	2 : 65029805 - 65905013
KDM2B	0.843613148	12 : 121688185 - 122188186
HNF1B	0.843052089	17 : 35849952 - 36349953
ANKH	0.842530847	5 : 14501305 - 15060835
ADCY5	0.838690877	3 : 122815778 - 123315779
ITGA1	0.834084153	5 : 51850489 - 52350490
KCNJ11	0.830197334	11 : 16851554 - 17658405
NEUROG3	0.830104053	10 : 71071279 - 71720826
RFC5	0.828084588	12 : 118204833 - 118704834
PROX1	0.827214122	1 : 213909256 - 214409257
ETS1	0.826398373	11 : 127792575 - 128639392
PPARG	0.825100243	3 : 11826562 - 12579784
ARL15	0.824517727	5 : 53022664 - 53522665
PPIP5K2	0.824160814	5 : 100524699 - 103223338
PELO	0.82402271	5 : 51850489 - 52350490
CEP68	0.822703958	2 : 65029805 - 65905013
HNF4A	0.822072923	20 : 42746184 - 43292365
C12orf43	0.820609272	12 : 121166864 - 121679195
NDUFAF6	0.818994939	8 : 95435147 - 96210768
WSCD2	0.816987514	12 : 108379780 - 108879781
MTNR1B	0.816297591	11 : 92458710 - 93310240
GCK	0.809410095	7 : 44005643 - 44505644
C5orf67	0.806218565	5 : 55558475 - 56118098
SLC7A7	0.80575192	14 : 23038935 - 23538936
ZNF101	0.803302288	19 : 19157718 - 20036100
RRAGA	0.80279994	9 : 18815825 - 19315826
SAXO1	0.801245391	9 : 18815825 - 19315826
LTK	0.801046312	15 : 41568917 - 42365748
MNX1	0.800004363	7 : 156680550 - 157180551
CPQ	0.799428046	8 : 97487741 - 97987742
DPY19L4	0.796509981	8 : 95435147 - 96210768
FGFBP3	0.795562744	10 : 93615244 - 94717288
GRB14	0.794818699	2 : 165258389 - 166012010
POMC	0.79244101	2 : 25283568 - 25783569
FTO	0.792373836	16 : 53580452 - 54080453
CACNA2D3	0.791637778	3 : 54578827 - 55078828
CAGE1	0.79107362	6 : 6824687 - 7481844
MAP2K7	0.787331402	19 : 7720635 - 8679324
HEG1	0.787029386	3 : 124669777 - 125169778
PTGFRN	0.786111176	1 : 117282790 - 117782791
UBE2E2	0.784322858	3 : 22943007 - 23877177
SHQ1	0.784271896	3 : 72615183 - 73115184
QPCTL	0.783609569	19 : 45928661 - 46428662
CYTIP	0.775381386	2 : 158075760 - 158575761
ZFP36L2	0.774204373	2 : 43179806 - 44270442
USP3	0.773158967	15 : 63611730 - 64362635
HERC1	0.773158967	15 : 63611730 - 64362635
DAPK2	0.773158967	15 : 63611730 - 64362635
MOV10L1	0.767877817	22 : 50106850 - 50606851
SCN3A	0.766439319	2 : 165258389 - 166012010
CDK8	0.764161646	13 : 26526999 - 27027000
CEBPB	0.762746692	20 : 48580772 - 49080773
C2CD4A	0.760926425	15 : 62144264 - 62644265
MALSU1	0.760503769	7 : 23262896 - 23762897
SNX33	0.758561671	15 : 75678192 - 76178193
GLIS3	0.757818818	9 : 4041928 - 4541929
FBXL22	0.75707072	15 : 63611730 - 64362635
CDKN1B	0.754571676	12 : 12621099 - 13121100
SIN3A	0.750562251	15 : 75678192 - 76178193
PTPN9	0.750562251	15 : 75678192 - 76178193
THADA	0.750121057	2 : 43179806 - 44270442
PNPLA5	0.749658763	22 : 44074730 - 44574731
RNF6	0.74890995	13 : 26526999 - 27027000
TMEM150C	0.748610139	4 : 83337562 - 83837563
NOTCH2	0.746099591	1 : 120211253 - 120711254
PKIG	0.744800866	20 : 42746184 - 43292365
OTULINL	0.741025567	5 : 14501305 - 15060835
AC022414.1	0.736183405	5 : 76174949 - 76674950
PAM	0.735617757	5 : 100524699 - 103223338
LLPH	0.733427882	12 : 65971060 - 66596625
ODF3L1	0.733423948	15 : 75678192 - 76178193
IMP3	0.733423948	15 : 75678192 - 76178193
HHEX	0.730947852	10 : 93615244 - 94717288
CD101	0.729630947	1 : 117282790 - 117782791
INSR	0.728208184	19 : 6985146 - 7485147
PIM3	0.726839423	22 : 50106850 - 50606851
IGF2BP2	0.72322464	3 : 185253456 - 185753457
TACR2	0.721887171	10 : 71071279 - 71720826
RSPO3	0.720998168	6 : 126542095 - 127664839
ADA	0.71568507	20 : 42746184 - 43292365
ACVR1C	0.714831293	2 : 158075760 - 158575761
ADAMTS9	0.714400351	3 : 64458114 - 64958115
ESRP1	0.713803828	8 : 95435147 - 96210768
SV2B	0.711360395	15 : 91261260 - 91761261
ATP2A3	0.71026969	17 : 3578086 - 4331976
ZNF557	0.710082531	19 : 6985146 - 7485147
MBD3L5	0.706245184	19 : 6985146 - 7485147
MBD3L4	0.706245184	19 : 6985146 - 7485147
MBD3L3	0.706245184	19 : 6985146 - 7485147
MBD3L2	0.706245184	19 : 6985146 - 7485147
HERC3	0.703967333	4 : 89501858 - 90001859
CYB5D2	0.702679098	17 : 3578086 - 4331976
DENND4C	0.702416658	9 : 18815825 - 19315826
PEAK1	0.701970041	15 : 77334498 - 78088492
LINGO1	0.701970041	15 : 77334498 - 78088492
CA12	0.701483428	15 : 63611730 - 64362635
GPSM1	0.701257288	9 : 138993334 - 139520877
CEBPG	0.700856149	19 : 33676402 - 34176403
CDKN2AIPNL	0.699765325	5 : 133615452 - 134115453
UBE2Q2	0.699352086	15 : 75678192 - 76178193
SNUPN	0.699352086	15 : 75678192 - 76178193
CSPG4	0.699352086	15 : 75678192 - 76178193
CTRB1	0.699003339	16 : 74984872 - 75767116
ZNF148	0.698891759	3 : 124669777 - 125169778
CDKL3	0.697833061	5 : 133615452 - 134115453
BTAF1	0.695153952	10 : 93615244 - 94717288
SLC30A10	0.694335401	1 : 219498818 - 219998819
HK1	0.692789257	10 : 71071279 - 71720826
MLC1	0.691956401	22 : 50106850 - 50606851
DDX47	0.691670656	12 : 12621099 - 13121100
FCHSD2	0.691525698	11 : 72210398 - 72971272
BCL11A	0.691315293	2 : 60335806 - 60835807
YWHAH	0.690315843	22 : 32115433 - 32615434
RFPL2	0.690315843	22 : 32115433 - 32615434
C22orf42	0.690315843	22 : 32115433 - 32615434
VPS13C	0.689756393	15 : 62144264 - 62644265
ITGA2	0.68848455	5 : 51850489 - 52350490
TCEA2	0.686413109	20 : 62443175 - 62943176
EFR3B	0.686171114	2 : 25283568 - 25783569
PARVB	0.685596824	22 : 44074730 - 44574731
DEPDC5	0.685073018	22 : 32115433 - 32615434
NAP1L5	0.684971333	4 : 89501858 - 90001859
RPAP1	0.684680045	15 : 41568917 - 42365748
IL17REL	0.684460938	22 : 50106850 - 50606851
METTL15	0.684346437	11 : 28284898 - 28784899
EIF5A2	0.683288574	3 : 170399749 - 170899750
AP3S2	0.682990074	15 : 90199523 - 90699524
DNLZ	0.681718767	9 : 138993334 - 139520877
CBFA2T2	0.681678891	20 : 31716698 - 32631338
ANKFY1	0.681655288	17 : 3578086 - 4331976
PEBP1	0.681474626	12 : 118204833 - 118704834
CITED2	0.681399405	6 : 139585329 - 140085330
CAMKK2	0.680697978	12 : 121688185 - 122188186
PLEKHA7	0.680644095	11 : 16851554 - 17658405
SNRPD2	0.680025756	19 : 45928661 - 46428662
GCKR	0.679644763	2 : 27480940 - 27980941
VSIG10	0.679478526	12 : 118204833 - 118704834
GPNMB	0.675447166	7 : 23262896 - 23762897
DTNB	0.675139368	2 : 25283568 - 25783569
PXMP2	0.673552811	12 : 132816392 - 133316393
RNF34	0.670907676	12 : 121688185 - 122188186
CARD9	0.669442117	9 : 138993334 - 139520877
ABCB10	0.668130696	1 : 229422955 - 229922956
CCNE2	0.668047905	8 : 95435147 - 96210768
UBE2B	0.663366079	5 : 133615452 - 134115453
PLIN2	0.662535012	9 : 18815825 - 19315826
P2RY2	0.661457181	11 : 72210398 - 72971272
GRM4	0.661414921	6 : 33997047 - 34497048
ZBED3	0.660724759	5 : 76174949 - 76674950
OTULIN	0.6596784	5 : 14501305 - 15060835
SLC5A1	0.659186304	22 : 32115433 - 32615434
FBXW7	0.657929003	4 : 153006845 - 153770476
SAMM50	0.657571375	22 : 44074730 - 44574731
DUSP16	0.656745672	12 : 12621099 - 13121100
TM6SF2	0.653896213	19 : 19157718 - 20036100
PEX7	0.652793407	6 : 137052159 - 137552160
RAB1A	0.652155697	2 : 65029805 - 65905013
SLC7A10	0.650080204	19 : 33676402 - 34176403
CDKN2B	0.649763882	9 : 21884068 - 22386441
IDE	0.648464382	10 : 93615244 - 94717288
ACTR2	0.646712542	2 : 65029805 - 65905013
TSPAN3	0.645495832	15 : 77334498 - 78088492
HMG20A	0.645495832	15 : 77334498 - 78088492
ADIPOQ	0.64465493	3 : 186415645 - 186915646
TMBIM4	0.644450128	12 : 65971060 - 66596625
ACTA1	0.643774927	1 : 229422955 - 229922956
SLC35D3	0.642959833	6 : 137052159 - 137552160
ANGPTL4	0.64102608	19 : 7720635 - 8679324
PPIF	0.640250742	10 : 80703451 - 81203452
SEC24A	0.639150143	5 : 133615452 - 134115453
EXOC6	0.636393189	10 : 93615244 - 94717288
RPS10-NUDT3	0.635482192	6 : 33997047 - 34497048
FAM241B	0.63540715	10 : 71071279 - 71720826
C2CD4B	0.63261348	15 : 62144264 - 62644265
ITPKA	0.632404983	15 : 41568917 - 42365748
PGAM5	0.631995261	12 : 132816392 - 133316393
TRIM45	0.631207287	1 : 117282790 - 117782791
CD2	0.631207287	1 : 117282790 - 117782791
P2RX2	0.629077852	12 : 132816392 - 133316393
LRCOL1	0.629077852	12 : 132816392 - 133316393
SSTR1	0.627758801	14 : 38598419 - 39098420
CLEC14A	0.627758801	14 : 38598419 - 39098420
QKI	0.625117421	6 : 163883001 - 164383002
CREBL2	0.624184132	12 : 12621099 - 13121100
ZCCHC24	0.623890877	10 : 80703451 - 81203452
GXYLT2	0.623669147	3 : 72615183 - 73115184
SULT4A1	0.623265088	22 : 44074730 - 44574731
MPV17	0.621430039	2 : 27480940 - 27980941
SPRY2	0.619495451	13 : 80467156 - 80967157
TAOK3	0.619408548	12 : 118204833 - 118704834
CEBPA	0.619315982	19 : 33676402 - 34176403
SNX17	0.61815542	2 : 27480940 - 27980941
GTF3C2	0.617651522	2 : 27480940 - 27980941
PLEKHF2	0.616897106	8 : 95435147 - 96210768
TSPAN15	0.616576135	10 : 71071279 - 71720826
RFC4	0.615659118	3 : 186415645 - 186915646
SEC22A	0.613218367	3 : 122815778 - 123315779
SYN2	0.61203301	3 : 11826562 - 12579784
KIF11	0.610839784	10 : 93615244 - 94717288
ABCC8	0.60911727	11 : 16851554 - 17658405
LRRC8E	0.608640194	19 : 7720635 - 8679324
PACSIN1	0.607852638	6 : 33997047 - 34497048
RSPH6A	0.607825637	19 : 45928661 - 46428662
PIK3R1	0.606946468	5 : 67464246 - 67964247
KDSR	0.606835604	18 : 60595884 - 61095885
SAR1B	0.606301844	5 : 133615452 - 134115453
P2RX1	0.606136262	17 : 3578086 - 4331976
C4orf50	0.605675817	4 : 6043696 - 6543697
ABHD16B	0.605651021	20 : 62443175 - 62943176
APOLD1	0.604798973	12 : 12621099 - 13121100
IL20RA	0.60357523	6 : 137052159 - 137552160
HNRNPDL	0.602687955	4 : 83337562 - 83837563
SDC2	0.602004945	8 : 97487741 - 97987742
SNAI1	0.600881398	20 : 48580772 - 49080773
TXLNB	0.600497663	6 : 139585329 - 140085330
INHBB	0.600433469	2 : 121097612 - 121597613
THAP9	0.599440753	4 : 83337562 - 83837563
QSOX2	0.598802865	9 : 138993334 - 139520877
BMP8A	0.598222911	1 : 39529802 - 40285929
SLC1A1	0.598144293	9 : 4041928 - 4541929
PPP2R2C	0.597652972	4 : 6043696 - 6543697
UBE2V1	0.597325444	20 : 48580772 - 49080773
FLI1	0.596428335	11 : 127792575 - 128639392
SSPN	0.596225679	12 : 26207190 - 26707191
SEC31A	0.595358551	4 : 83337562 - 83837563
ALG12	0.594797552	22 : 50106850 - 50606851
STARD10	0.593906641	11 : 72210398 - 72971272
LPL	0.593552232	8 : 19593171 - 20093172
RPGRIP1L	0.593352795	16 : 53580452 - 54080453
AGGF1	0.591951787	5 : 76174949 - 76674950
SHISA2	0.590753198	13 : 26526999 - 27027000
GPRC5A	0.590334952	12 : 12621099 - 13121100
INTS8	0.590128183	8 : 95435147 - 96210768
DMPK	0.589863896	19 : 45928661 - 46428662
ZNF710	0.589788437	15 : 90199523 - 90699524
TTF2	0.589346945	1 : 117282790 - 117782791
GDAP1L1	0.589013338	20 : 42746184 - 43292365
IL22RA2	0.587867677	6 : 137052159 - 137552160
IFNGR1	0.587867677	6 : 137052159 - 137552160
SLC22A3	0.586765766	6 : 160520312 - 161020313
SLC22A2	0.586765766	6 : 160520312 - 161020313
SPPL3	0.58453685	12 : 121166864 - 121679195
TIMP4	0.58370769	3 : 11826562 - 12579784
DMWD	0.580987453	19 : 45928661 - 46428662
PDE8B	0.579931319	5 : 76174949 - 76674950
RIOK1	0.579821467	6 : 6824687 - 7481844
TRA2A	0.579350054	7 : 23262896 - 23762897
LRP3	0.579030871	19 : 33676402 - 34176403
ERMN	0.578618884	2 : 158075760 - 158575761
WSB2	0.577944219	12 : 118204833 - 118704834
EIF2B4	0.577936232	2 : 27480940 - 27980941
POLE	0.576139569	12 : 132816392 - 133316393
PDGFC	0.574014783	4 : 157430199 - 157930200
CENPW	0.573415458	6 : 126542095 - 127664839
EIF2A	0.569899857	3 : 149816540 - 150316541
UBE3C	0.569634318	7 : 156680550 - 157180551
BHLHE41	0.56810838	12 : 26207190 - 26707191
CDKN1C	0.567828357	11 : 1823182 - 3107195
ZZEF1	0.567611456	17 : 3578086 - 4331976
AEBP1	0.567145705	7 : 44005643 - 44505644
ENOPH1	0.566733956	4 : 83337562 - 83837563
THOC7	0.565417469	3 : 63732670 - 64232671
E2F1	0.564443409	20 : 31716698 - 32631338
WFS1	0.564000189	4 : 6043696 - 6543697
CAMLG	0.562305987	5 : 133615452 - 134115453
ZNF513	0.561598301	2 : 27480940 - 27980941
MYC	0.560953915	8 : 128461742 - 128961743
CMKLR1	0.560259104	12 : 108379780 - 108879781
PHGDH	0.559702635	1 : 120211253 - 120711254
GAN	0.559467316	16 : 81284790 - 81784791
VTCN1	0.558925986	1 : 117282790 - 117782791
LPA	0.558763623	6 : 160520312 - 161020313
TAMM41	0.558574438	3 : 11826562 - 12579784
NRBP1	0.558424056	2 : 27480940 - 27980941
C3orf49	0.558081627	3 : 63732670 - 64232671
TRA2B	0.55805397	3 : 185253456 - 185753457
MACF1	0.557667613	1 : 39529802 - 40285929
CRELD2	0.556951582	22 : 50106850 - 50606851
SEC16A	0.553490996	9 : 138993334 - 139520877
ACADS	0.553201497	12 : 121166864 - 121679195
SENP2	0.553024173	3 : 185253456 - 185753457
HELT	0.551986814	4 : 185472447 - 185972448
SEC61A2	0.55099678	10 : 12057894 - 12557895
DHTKD1	0.55099678	10 : 12057894 - 12557895
EIF4A2	0.550316751	3 : 186415645 - 186915646
MESP1	0.549540937	15 : 90199523 - 90699524
SNRNP35	0.548487663	12 : 123200765 - 123958491
TYRO3	0.54848367	15 : 41568917 - 42365748
GPRC5D	0.547500372	12 : 12621099 - 13121100
TMEM189-UBE2V1	0.547156692	20 : 48580772 - 49080773
IDH2	0.547099113	15 : 90199523 - 90699524
PSMD6	0.546896279	3 : 63732670 - 64232671
PITPNM2	0.546749771	12 : 123200765 - 123958491
MPHOSPH9	0.546749771	12 : 123200765 - 123958491
CPEB3	0.54673785	10 : 93615244 - 94717288
DBR1	0.546617985	3 : 137845525 - 138345526
ACSL1	0.545061469	4 : 185472447 - 185972448
CCSAP	0.54463309	1 : 229422955 - 229922956
CEP70	0.542371809	3 : 137845525 - 138345526
ARMC8	0.542371809	3 : 137845525 - 138345526
RAD54B	0.541436553	8 : 95435147 - 96210768
LRTM1	0.54115212	3 : 54578827 - 55078828
MKRN2OS	0.539233088	3 : 11826562 - 12579784
CABP7	0.538463056	22 : 29987859 - 30797397
OASL	0.537230253	12 : 121166864 - 121679195
CDK2AP1	0.53595525	12 : 123200765 - 123958491
NT5C1A	0.534145296	1 : 39529802 - 40285929
HEYL	0.534145296	1 : 39529802 - 40285929
NF2	0.533429682	22 : 29987859 - 30797397
MTMR3	0.533429682	22 : 29987859 - 30797397
HORMAD2	0.533429682	22 : 29987859 - 30797397
TIGD4	0.533326507	4 : 153006845 - 153770476
SLC38A11	0.531440854	2 : 165258389 - 166012010
ZBED4	0.52983439	22 : 50106850 - 50606851
GPR176	0.529518247	15 : 40148754 - 40648755
NECAB3	0.528038144	20 : 31716698 - 32631338
PDIA5	0.527546525	3 : 122815778 - 123315779
HACD2	0.527546525	3 : 122815778 - 123315779
NDUFAF1	0.527364075	15 : 41568917 - 42365748
P2RY1	0.526093245	3 : 152237110 - 152737111
BRD1	0.525413871	22 : 50106850 - 50606851
SLC18A1	0.52471596	8 : 19593171 - 20093172
TMEM120B	0.524330676	12 : 121688185 - 122188186
NUCB2	0.524301112	11 : 16851554 - 17658405
ARFIP1	0.522561371	4 : 153006845 - 153770476
SUGP1	0.522298932	19 : 19157718 - 20036100
REG4	0.521605074	1 : 120211253 - 120711254
MGA	0.521462023	15 : 41568917 - 42365748
ZNF341	0.521134257	20 : 31716698 - 32631338
TPD52L2	0.520203471	20 : 62443175 - 62943176
OTOG	0.519872963	11 : 16851554 - 17658405
RNF146	0.519834757	6 : 126542095 - 127664839
ECHDC1	0.519834757	6 : 126542095 - 127664839
SLC22A1	0.518598437	6 : 160520312 - 161020313
HPCAL4	0.517884195	1 : 39529802 - 40285929
SNTA1	0.517620802	20 : 31716698 - 32631338
ADAM30	0.516970098	1 : 120211253 - 120711254
FNDC4	0.516851187	2 : 27480940 - 27980941
EIF2AK4	0.516625226	15 : 40148754 - 40648755
COPG2	0.516245246	7 : 130218015 - 130718016
PDE2A	0.513918042	11 : 72210398 - 72971272
FAF1	0.513848662	1 : 50723264 - 51758527
A4GNT	0.513563991	3 : 137845525 - 138345526
KNG1	0.51344955	3 : 186415645 - 186915646
PPM1G	0.510816276	2 : 27480940 - 27980941
C2orf16	0.510464132	2 : 27480940 - 27980941
PLA2G4B	0.510332704	15 : 41568917 - 42365748
DNAJB6	0.51021719	7 : 156680550 - 157180551
PRIMPOL	0.510211587	4 : 185472447 - 185972448
CENPU	0.510211587	4 : 185472447 - 185972448
CASP3	0.510211587	4 : 185472447 - 185972448
GPR19	0.509297848	12 : 12621099 - 13121100
GALNT5	0.508114517	2 : 158075760 - 158575761
PIK3C2A	0.508063376	11 : 16851554 - 17658405
TMEM189	0.507629395	20 : 48580772 - 49080773
CDKN2C	0.504026353	1 : 50723264 - 51758527
SIX5	0.503817558	19 : 45928661 - 46428662
MORN3	0.503264666	12 : 121688185 - 122188186
RGS19	0.502498567	20 : 62443175 - 62943176
MYT1	0.502342343	20 : 62443175 - 62943176
SBNO1	0.501579344	12 : 123200765 - 123958491
TBC1D3K	0.50031054	17 : 35849952 - 36349953
RPL39L	0.498978376	3 : 186415645 - 186915646
DEUP1	0.498935103	11 : 92458710 - 93310240
PMPCA	0.498893857	9 : 138993334 - 139520877
INPP5E	0.498893857	9 : 138993334 - 139520877
TTLL8	0.496412337	22 : 50106850 - 50606851
SNAPC4	0.494202077	9 : 138993334 - 139520877
IFT172	0.493914425	2 : 27480940 - 27980941
SYNRG	0.49338299	17 : 35849952 - 36349953
SPATA31D4	0.492532462	9 : 84058948 - 84558949
EML2	0.48901841	19 : 45928661 - 46428662
UQCR10	0.488505363	22 : 29987859 - 30797397
OSM	0.488505363	22 : 29987859 - 30797397
LIF	0.488505363	22 : 29987859 - 30797397
CASTOR1	0.488505363	22 : 29987859 - 30797397
VPS4B	0.487751216	18 : 60595884 - 61095885
EHD4	0.487665087	15 : 41568917 - 42365748
OGFOD2	0.48598519	12 : 123200765 - 123958491
ARL6IP4	0.48598519	12 : 123200765 - 123958491
NUP133	0.483667433	1 : 229422955 - 229922956
PLCB2	0.483307302	15 : 40148754 - 40648755
NCR3LG1	0.482682467	11 : 16851554 - 17658405
MARCH5	0.482532322	10 : 93615244 - 94717288
ATG16L2	0.482529879	11 : 72210398 - 72971272
ANKRD63	0.481346577	15 : 40148754 - 40648755
RTF1	0.480340332	15 : 41568917 - 42365748
SLC1A4	0.479804546	2 : 65029805 - 65905013
FBXO46	0.479717553	19 : 45928661 - 46428662
BCO1	0.479680926	16 : 81284790 - 81784791
SOX18	0.47959739	20 : 62443175 - 62943176
C20orf204	0.47959739	20 : 62443175 - 62943176
MMP14	0.479528397	14 : 23038935 - 23538936
SLC2A2	0.47837916	3 : 170399749 - 170899750
INAFM2	0.478185385	15 : 40148754 - 40648755
ANAPC5	0.475111037	12 : 121688185 - 122188186
HMGCS2	0.475035071	1 : 120211253 - 120711254
MRPL52	0.473884791	14 : 23038935 - 23538936
KLF14	0.473264307	7 : 130218015 - 130718016
MYPOP	0.472499341	19 : 45928661 - 46428662
LKAAEAR1	0.472489625	20 : 62443175 - 62943176
NME9	0.471635431	3 : 137845525 - 138345526
MRAS	0.471635431	3 : 137845525 - 138345526
FAIM	0.471635431	3 : 137845525 - 138345526
ESYT3	0.471635431	3 : 137845525 - 138345526
DMRTA2	0.470872998	1 : 50723264 - 51758527
JMJD7-PLA2G4B	0.469637305	15 : 41568917 - 42365748
S100Z	0.468982756	5 : 76174949 - 76674950
OXCT2	0.468490958	1 : 39529802 - 40285929
SPHAR	0.467916399	1 : 229422955 - 229922956
PHGR1	0.467005342	15 : 40148754 - 40648755
CCDC9B	0.467005342	15 : 40148754 - 40648755
PPIE	0.466205657	1 : 39529802 - 40285929
CAMKK1	0.465864003	17 : 3578086 - 4331976
PPM1N	0.46571961	19 : 45928661 - 46428662
ACTL10	0.465463638	20 : 31716698 - 32631338
ZMAT5	0.464493722	22 : 29987859 - 30797397
TBC1D10A	0.464493722	22 : 29987859 - 30797397
SF3A1	0.464493722	22 : 29987859 - 30797397
RNF215	0.464493722	22 : 29987859 - 30797397
CCDC157	0.464493722	22 : 29987859 - 30797397
ASCC2	0.464493722	22 : 29987859 - 30797397
RBM23	0.464344174	14 : 23038935 - 23538936
FCER2	0.463801295	19 : 7720635 - 8679324
FAM98B	0.463525653	15 : 38602386 - 39102387
PCMTD2	0.46333164	20 : 62443175 - 62943176
RILPL2	0.461985618	12 : 123200765 - 123958491
KMT5A	0.461985618	12 : 123200765 - 123958491
C12orf65	0.461985618	12 : 123200765 - 123958491
ABCB9	0.461985618	12 : 123200765 - 123958491
BUB1B-PAK6	0.46177727	15 : 40148754 - 40648755
GIN1	0.46092996	5 : 100524699 - 103223338
OPRL1	0.460526407	20 : 62443175 - 62943176
JMJD7	0.460381508	15 : 41568917 - 42365748
UCN	0.458383262	2 : 27480940 - 27980941
PAK6	0.457372218	15 : 40148754 - 40648755
PRAM1	0.456968248	19 : 7720635 - 8679324
CRHBP	0.456874847	5 : 76174949 - 76674950
ABHD4	0.45634222	14 : 23038935 - 23538936
BPIFA3	0.455925196	20 : 31716698 - 32631338
SERP1	0.451669723	3 : 149816540 - 150316541
NUDCD3	0.450752556	7 : 44005643 - 44505644
PRR36	0.450642586	19 : 7720635 - 8679324
URB2	0.450465828	1 : 229422955 - 229922956
TAF5L	0.450465828	1 : 229422955 - 229922956
P2RX4	0.450417787	12 : 121166864 - 121679195
SPTBN5	0.449598163	15 : 41568917 - 42365748
ENTR1	0.449035585	9 : 138993334 - 139520877
MAPKBP1	0.448182046	15 : 41568917 - 42365748
VIRMA	0.446838528	8 : 95435147 - 96210768
HAPLN4	0.444555432	19 : 19157718 - 20036100
ATP13A1	0.443953753	19 : 19157718 - 20036100
OR6J1	0.443551213	14 : 23038935 - 23538936
TSGA13	0.441569507	7 : 130218015 - 130718016
NOTCH1	0.440744579	9 : 138993334 - 139520877
TGFBR3L	0.439995527	19 : 7720635 - 8679324
LHX3	0.439880252	9 : 138993334 - 139520877
UBE2G1	0.439832062	17 : 3578086 - 4331976
TSC22D2	0.4390122	3 : 149816540 - 150316541
TBC1D3L	0.437710911	17 : 35849952 - 36349953
GPR4	0.437548131	19 : 45928661 - 46428662
CCDC126	0.43707484	7 : 23262896 - 23762897
ARMS2	0.436804801	10 : 123915615 - 124415616
OIP5	0.436572403	15 : 41568917 - 42365748
NUSAP1	0.436572403	15 : 41568917 - 42365748
NOM1	0.435872644	7 : 156680550 - 157180551
GATAD2A	0.434801966	19 : 19157718 - 20036100
DMBT1	0.434547693	10 : 123915615 - 124415616
OPA3	0.434365183	19 : 45928661 - 46428662
E2F3	0.432860136	6 : 20423880 - 21280756
C20orf144	0.432104647	20 : 31716698 - 32631338
RNF11	0.429353446	1 : 50723264 - 51758527
C1orf185	0.429353446	1 : 50723264 - 51758527
BHMG1	0.428767711	19 : 45928661 - 46428662
SLC2A10	0.428747773	20 : 45348564 - 45848565
LRPPRC	0.42828995	2 : 43179806 - 44270442
USH1C	0.427310616	11 : 16851554 - 17658405
BMP8B	0.427011997	1 : 39529802 - 40285929
RAB4A	0.426447451	1 : 229422955 - 229922956
TMEM154	0.424559981	4 : 153006845 - 153770476
PRMT5	0.420710146	14 : 23038935 - 23538936
NUDT5	0.420208931	10 : 12057894 - 12557895
CDC123	0.420208931	10 : 12057894 - 12557895
NPBWR2	0.416877031	20 : 62443175 - 62943176
BPIFA2	0.416545898	20 : 31716698 - 32631338
ERCC1	0.416479796	19 : 45928661 - 46428662
PXMP4	0.416213572	20 : 31716698 - 32631338
SMCO4	0.414799899	11 : 92458710 - 93310240
HAUS4	0.413451791	14 : 23038935 - 23538936
AJUBA	0.413451791	14 : 23038935 - 23538936
SUPT7L	0.413136035	2 : 27480940 - 27980941
BUB1B	0.412274212	15 : 40148754 - 40648755
OSER1	0.412235171	20 : 42746184 - 43292365
FBN3	0.411762148	19 : 7720635 - 8679324
OXA1L	0.411759079	14 : 23038935 - 23538936
LRP10	0.411059976	14 : 23038935 - 23538936
IRF2BP1	0.410558045	19 : 45928661 - 46428662
FOXA3	0.410558045	19 : 45928661 - 46428662
RTN2	0.407164812	19 : 45928661 - 46428662
BPIFA1	0.406874418	20 : 31716698 - 32631338
P2RX7	0.404926926	12 : 121166864 - 121679195
SYMPK	0.404481858	19 : 45928661 - 46428662
EBLN2	0.402787387	3 : 72615183 - 73115184
CDKN2A	0.401318043	9 : 21884068 - 22386441
SERINC3	0.401227057	20 : 42746184 - 43292365
PPP4R2	0.400580972	3 : 72615183 - 73115184
CHMP4B	0.39948833	20 : 31716698 - 32631338
ELAVL1	0.398903757	19 : 7720635 - 8679324
FAM221A	0.397786975	7 : 23262896 - 23762897
CCDC121	0.397266358	2 : 27480940 - 27980941
PLEKHA1	0.396040797	10 : 123915615 - 124415616
HTRA1	0.396040797	10 : 123915615 - 124415616
BTBD16	0.396040797	10 : 123915615 - 124415616
ZNF414	0.395536304	19 : 7720635 - 8679324
ITGAE	0.395473033	17 : 3578086 - 4331976
CDK5RAP1	0.393748254	20 : 31716698 - 32631338
SRP14	0.393665731	15 : 40148754 - 40648755
NANOS2	0.392971992	19 : 45928661 - 46428662
SLCO4C1	0.391363502	5 : 100524699 - 103223338
SLC36A4	0.391347766	11 : 92458710 - 93310240
ZNF512	0.391256332	2 : 27480940 - 27980941
GPN1	0.391256332	2 : 27480940 - 27980941
CLEC4M	0.389770061	19 : 7720635 - 8679324
CLEC4G	0.389770061	19 : 7720635 - 8679324
CD209	0.389770061	19 : 7720635 - 8679324
SLCO6A1	0.387681425	5 : 100524699 - 103223338
TRAPPC5	0.386761785	19 : 7720635 - 8679324
UCKL1	0.384865969	20 : 62443175 - 62943176
NUDT12	0.383485854	5 : 100524699 - 103223338
TMEM250	0.382812202	9 : 138993334 - 139520877
TIMM44	0.382015288	19 : 7720635 - 8679324
SAMD10	0.37890166	20 : 62443175 - 62943176
COL13A1	0.378674388	10 : 71071279 - 71720826
CDH24	0.37487334	14 : 23038935 - 23538936
PSMB5	0.370471358	14 : 23038935 - 23538936
DNAJC5	0.369394362	20 : 62443175 - 62943176
PLEKHH2	0.366758078	2 : 43179806 - 44270442
BORCS8	0.364763021	19 : 19157718 - 20036100
C5orf30	0.364619285	5 : 100524699 - 103223338
RETN	0.364451706	19 : 7720635 - 8679324
MCEMP1	0.364451706	19 : 7720635 - 8679324
REM2	0.363610208	14 : 23038935 - 23538936
R3HDML	0.363115609	20 : 42746184 - 43292365
GMIP	0.362674028	19 : 19157718 - 20036100
NCBP3	0.362196624	17 : 3578086 - 4331976
KRTCAP3	0.361917406	2 : 27480940 - 27980941
PRPF6	0.361056775	20 : 62443175 - 62943176
FOSB	0.359889925	19 : 45928661 - 46428662
BPIFB1	0.359720916	20 : 31716698 - 32631338
RPS13	0.358581275	11 : 16851554 - 17658405
DNAJC5G	0.355273277	2 : 27480940 - 27980941
VASP	0.354113132	19 : 45928661 - 46428662
SNAPC2	0.353081554	19 : 7720635 - 8679324
HASPIN	0.351703137	17 : 3578086 - 4331976
PARP11	0.349541843	12 : 3884173 - 4634845
TRIM54	0.349530101	2 : 27480940 - 27980941
SLC30A3	0.349530101	2 : 27480940 - 27980941
SLC4A1AP	0.348026037	2 : 27480940 - 27980941
NDUFA13	0.347135246	19 : 19157718 - 20036100
DAD1	0.345520914	14 : 23038935 - 23538936
C14orf93	0.343861073	14 : 23038935 - 23538936
KANK3	0.342333674	19 : 7720635 - 8679324
EVI5L	0.341749549	19 : 7720635 - 8679324
ZNF512B	0.341660142	20 : 62443175 - 62943176
PSMB11	0.33924666	14 : 23038935 - 23538936
CTXN1	0.336505294	19 : 7720635 - 8679324
IGF2	0.33306399	11 : 1823182 - 3107195
P2RX5-TAX1BP3	0.330076575	17 : 3578086 - 4331976
P2RX5	0.330076575	17 : 3578086 - 4331976
CTRB2	0.329429388	16 : 74984872 - 75767116
VTI1A	0.30972293	10 : 114391576 - 115130343
C1GALT1C1L	0.302504092	2 : 43179806 - 44270442
SFRP1	0.30138579	8 : 41010259 - 41808687
SLC22A18AS	0.301360458	11 : 1823182 - 3107195
NCAN	0.300513595	19 : 19157718 - 20036100
MAU2	0.295905739	19 : 19157718 - 20036100
TSSK6	0.29251492	19 : 19157718 - 20036100
CCL25	0.288348168	19 : 7720635 - 8679324
MARC2	0.282810152	19 : 7720635 - 8679324
DYNC2LI1	0.282164663	2 : 43179806 - 44270442
ABCG8	0.282164663	2 : 43179806 - 44270442
ABCG5	0.282164663	2 : 43179806 - 44270442
JPH2	0.274484128	20 : 42746184 - 43292365
RFXANK	0.270269632	19 : 19157718 - 20036100
NR2C2AP	0.270269632	19 : 19157718 - 20036100
MEF2B	0.265335143	19 : 19157718 - 20036100
BORCS8-MEF2B	0.265335143	19 : 19157718 - 20036100
ARHGAP39	0.261925429	8 : 144995647 - 146226022
ZNRF1	0.249623865	16 : 74984872 - 75767116
ZNF517	0.247722432	8 : 144995647 - 146226022
ZNF34	0.247722432	8 : 144995647 - 146226022
COMMD5	0.247722432	8 : 144995647 - 146226022
CFDP1	0.246761739	16 : 74984872 - 75767116
LPAR2	0.239909276	19 : 19157718 - 20036100
TMEM161A	0.239518151	19 : 19157718 - 20036100
RPL8	0.235377043	8 : 144995647 - 146226022
FITM2	0.231473804	20 : 42746184 - 43292365
ZNF14	0.226662904	19 : 19157718 - 20036100
ZNF7	0.218207121	8 : 144995647 - 146226022
ZNF251	0.203823954	8 : 144995647 - 146226022
ZNF250	0.203823954	8 : 144995647 - 146226022
ZNF16	0.203823954	8 : 144995647 - 146226022
ZNF506	0.196683243	19 : 19157718 - 20036100
PBX4	0.196293667	19 : 19157718 - 20036100
SLC25A42	0.194096386	19 : 19157718 - 20036100
ARMC6	0.194096386	19 : 19157718 - 20036100
ZNF253	0.186611563	19 : 19157718 - 20036100
TTPAL	0.183914304	20 : 42746184 - 43292365
YJEFN3	0.170924187	19 : 19157718 - 20036100
CILP2	0.170924187	19 : 19157718 - 20036100
TERF2IP	0.161124066	16 : 74984872 - 75767116
PHLDA2	0.151705071	11 : 1823182 - 3107195
BCAR1	0.149449587	16 : 74984872 - 75767116
CPHXL	0.147064462	16 : 74984872 - 75767116
TRPM5	0.144442424	11 : 1823182 - 3107195
LDHD	0.142013878	16 : 74984872 - 75767116
GABARAPL2	0.140927836	16 : 74984872 - 75767116
ZFP1	0.134206027	16 : 74984872 - 75767116
TMEM231	0.133520842	16 : 74984872 - 75767116
DUXB	0.123688363	16 : 74984872 - 75767116
CHST5	0.118391715	16 : 74984872 - 75767116
KARS	0.116750859	16 : 74984872 - 75767116
TMEM170A	0.111713491	16 : 74984872 - 75767116
CHST6	0.111713491	16 : 74984872 - 75767116
ADAT1	0.111713491	16 : 74984872 - 75767116
INS	0.110594921	11 : 1823182 - 3107195
SLC22A18	0.109952316	11 : 1823182 - 3107195
INS-IGF2	0.10557922	11 : 1823182 - 3107195
TSSC4	0.079049796	11 : 1823182 - 3107195
NAP1L4	0.075662784	11 : 1823182 - 3107195
CARS	0.063430615	11 : 1823182 - 3107195
TNNT3	0.058072686	11 : 1823182 - 3107195
CD81	0.055715431	11 : 1823182 - 3107195
TNNI2	0.045037862	11 : 1823182 - 3107195
SYT8	0.045037862	11 : 1823182 - 3107195
LSP1	0.04285207	11 : 1823182 - 3107195
